CPF,EMAIL,SENHA,PEDIDO
756.290.834-65,9811025430@stresstest.com.br,123456
195.238.764-73,3263077298@stresstest.com.br,123456
329.815.406-70,2390123085@stresstest.com.br,123456
832.954.071-50,2501432212@stresstest.com.br,123456
409.835.276-10,2299491025@stresstest.com.br,123456
048.726.315-44,8336997308@stresstest.com.br,123456
417.905.326-80,5312509269@stresstest.com.br,123456
386.590.274-00,7923315386@stresstest.com.br,123456
697.825.301-40,2119129203@stresstest.com.br,123456,275371057
760.852.149-01,3278916871@stresstest.com.br,123456,275376027
541.689.073-84,9326304904@stresstest.com.br,123456,275410075
547.031.298-41,9973546663@stresstest.com.br,123456,275458613
580.132.967-68,4763155125@stresstest.com.br,123456,275460286
503.724.186-35,2239192953@stresstest.com.br,123456,275462456
602.938.175-02,7303827138@stresstest.com.br,123456,275464521
481.762.935-55,6090061548@stresstest.com.br,123456,275466089
072.968.315-02,6547792891@stresstest.com.br,123456,275471829
875.612.903-30,3528703193@stresstest.com.br,123456,277216964
593.214.678-82,1761253996@stresstest.com.br,123456,277217972
659.387.012-95,8061466247@stresstest.com.br,123456,277219701
147.396.085-10,7120621301@stresstest.com.br,123456,277220485
,@stresstest.com.br,123456,296288065
,@stresstest.com.br,123456,296290179
,@stresstest.com.br,123456,296291803
,@stresstest.com.br,123456,296550460
,@stresstest.com.br,123456,296550985
,@stresstest.com.br,123456,296551755
,@stresstest.com.br,123456,296553421
,@stresstest.com.br,123456,296554674
,@stresstest.com.br,123456,296555045
352.467.089-00,5757327073@stresstest.com.br,123456,297295358
276.139.405-43,2583488689@stresstest.com.br,123456,297296996
173.804.259-60,8332688933@stresstest.com.br,123456,297298193
571.390.846-10,1581354182@stresstest.com.br,123456,297308728
605.427.981-58,9421717933@stresstest.com.br,123456,297310086
407.136.529-34,1233893019@stresstest.com.br,123456,297313411
384.107.526-62,4235497510@stresstest.com.br,123456,297315805
719.648.523-82,9909993105@stresstest.com.br,123456,297318766
381.790.254-97,3263661486@stresstest.com.br,123456,297320950
714.062.593-06,7772842418@stresstest.com.br,123456,297322357
239.581.074-60,6039512975@stresstest.com.br,123456,297323631
521.490.876-85,7451642177@stresstest.com.br,123456,297325031
465.128.037-44,6205529496@stresstest.com.br,123456,297370265
107.694.832-40,9454108910@stresstest.com.br,123456,297371546
863.540.172-71,7227146322@stresstest.com.br,123456,297372624
392.145.876-55,2163667846@stresstest.com.br,123456,297405167
239.057.416-52,1450456232@stresstest.com.br,123456,297410256
189.736.520-95,3478065015@stresstest.com.br,123456,297414386
835.042.971-23,5953367300@stresstest.com.br,123456,297415653
956.238.401-24,3965843486@stresstest.com.br,123456,297418313
169.027.548-02,7141687450@stresstest.com.br,123456,297420749
427.860.319-31,2869635945@stresstest.com.br,123456,297461706
269.405.173-16,387524112@stresstest.com.br,123456,297604436
148.905.327-14,5325609478@stresstest.com.br,123456,297605962
418.237.605-62,1683066488@stresstest.com.br,123456,297607292
641.375.082-08,8509730119@stresstest.com.br,123456,297627592
169.048.327-03,5646265952@stresstest.com.br,123456,297645463
180.637.459-57,6952073162@stresstest.com.br,123456,297646779
937.581.062-30,6398103186@stresstest.com.br,123456,297647934
264.835.719-09,6142397607@stresstest.com.br,123456,297649068
043.921.865-98,833481251@stresstest.com.br,123456,297667107
250.389.147-05,5709866267@stresstest.com.br,123456,297668423
396.451.780-10,6097207859@stresstest.com.br,123456,297669634
987.510.234-23,5923843891@stresstest.com.br,123456,297675129
712.605.839-02,4796795931@stresstest.com.br,123456,297677243
638.152.740-44,6947246053@stresstest.com.br,123456,298297191
,@stresstest.com.br,123456,298083894
,@stresstest.com.br,123456,300088967
,@stresstest.com.br,123456,300089422
201.547.938-41,8192029464@stresstest.com.br,123456,299065609
502.761.493-43,9695748194@stresstest.com.br,123456,299066925
589.702.416-20,9633478294@stresstest.com.br,123456,299078909
,@stresstest.com.br,123456,299081457
,@stresstest.com.br,123456,299082171
,@stresstest.com.br,123456,299361639
,@stresstest.com.br,123456,299362136
,@stresstest.com.br,123456,299362710
329.407.618-50,9724601011@stresstest.com.br,123456,299381316
532.187.640-17,7985039982@stresstest.com.br,123456,299403009
506.239.748-00,3893926970@stresstest.com.br,123456,299405025
,@stresstest.com.br,123456,299406915
,@stresstest.com.br,123456,299407524
,@stresstest.com.br,123456,299408217
617.950.832-12,6589385481@stresstest.com.br,123456,299511278
,@stresstest.com.br,123456,299514463
,@stresstest.com.br,123456,299515086
,@stresstest.com.br,123456,299515674
,@stresstest.com.br,123456,303109782
,@stresstest.com.br,123456,303119092
,@stresstest.com.br,123456,303120044
,@stresstest.com.br,123456,303310731
,@stresstest.com.br,123456,303311830
,@stresstest.com.br,123456,303937161
,@stresstest.com.br,123456,303384791
,@stresstest.com.br,123456,303392750
,@stresstest.com.br,123456,303393597
,@stresstest.com.br,123456,303683229
,@stresstest.com.br,123456,303684097
,@stresstest.com.br,123456,304008239
,@stresstest.com.br,123456,304214760
,@stresstest.com.br,123456,304215922
,@stresstest.com.br,123456,304310751
,@stresstest.com.br,123456,304330771
,@stresstest.com.br,123456,304340788
,@stresstest.com.br,123456,304347403
,@stresstest.com.br,123456,304348355
,@stresstest.com.br,123456,304349363
,@stresstest.com.br,123456,305225161
,@stresstest.com.br,123456,305226400
,@stresstest.com.br,123456,305272950
,@stresstest.com.br,123456,305275428
,@stresstest.com.br,123456,303906424
,@stresstest.com.br,123456,303907397
,@stresstest.com.br,123456,304038605
,@stresstest.com.br,123456,304039550
,@stresstest.com.br,123456,304207347
,@stresstest.com.br,123456,304208236
,@stresstest.com.br,123456,304306481
,@stresstest.com.br,123456,304307174
,@stresstest.com.br,123456,304329035
,@stresstest.com.br,123456,304330099
,@stresstest.com.br,123456,305052079
,@stresstest.com.br,123456,305053136
,@stresstest.com.br,123456,305379840
,@stresstest.com.br,123456,305382017
